<?xml version="1.0" encoding="UTF-8"?>
<GenRun Id="synth_1" LaunchPart="xc7z020clg400-1" LaunchTime="1707017766" LaunchIncrCheckpoint="$PSRCDIR/utils_1/imports/synth_1/myip_seqsqrt_v1_0.dcp">
  <File Type="PA-TCL" Name="myip_seqsqrt_v1_0.tcl"/>
  <File Type="RDS-PROPCONSTRS" Name="myip_seqsqrt_v1_0_drc_synth.rpt"/>
  <File Type="REPORTS-TCL" Name="myip_seqsqrt_v1_0_reports.tcl"/>
  <File Type="RDS-RDS" Name="myip_seqsqrt_v1_0.vds"/>
  <File Type="RDS-UTIL" Name="myip_seqsqrt_v1_0_utilization_synth.rpt"/>
  <File Type="RDS-UTIL-PB" Name="myip_seqsqrt_v1_0_utilization_synth.pb"/>
  <File Type="RDS-DCP" Name="myip_seqsqrt_v1_0.dcp"/>
  <File Type="VDS-TIMINGSUMMARY" Name="myip_seqsqrt_v1_0_timing_summary_synth.rpt"/>
  <File Type="VDS-TIMING-PB" Name="myip_seqsqrt_v1_0_timing_summary_synth.pb"/>
  <FileSet Name="sources" Type="DesignSrcs" RelSrcDir="$PSRCDIR/sources_1" RelGenDir="$PGENDIR/sources_1">
    <Filter Type="Srcs"/>
    <File Path="$PPRDIR/../../../ip_repo/myip_seqsqrt_1.0/src/clkdiv.vhd">
      <FileInfo>
        <Attr Name="Library" Val="xil_defaultlib"/>
        <Attr Name="UsedIn" Val="synthesis"/>
        <Attr Name="UsedIn" Val="simulation"/>
      </FileInfo>
    </File>
    <File Path="$PPRDIR/../../../ip_repo/myip_seqsqrt_1.0/src/debounce.vhd">
      <FileInfo>
        <Attr Name="Library" Val="xil_defaultlib"/>
        <Attr Name="UsedIn" Val="synthesis"/>
        <Attr Name="UsedIn" Val="simulation"/>
      </FileInfo>
    </File>
    <File Path="$PPRDIR/../../../ip_repo/myip_seqsqrt_1.0/hdl/myip_seqsqrt_v1_0_S00_AXI.vhd">
      <FileInfo>
        <Attr Name="Library" Val="xil_defaultlib"/>
        <Attr Name="UsedIn" Val="synthesis"/>
        <Attr Name="UsedIn" Val="simulation"/>
      </FileInfo>
    </File>
    <File Path="$PPRDIR/../../../ip_repo/myip_seqsqrt_1.0/src/seqdeta.vhd">
      <FileInfo>
        <Attr Name="Library" Val="xil_defaultlib"/>
        <Attr Name="UsedIn" Val="synthesis"/>
        <Attr Name="UsedIn" Val="simulation"/>
      </FileInfo>
    </File>
    <File Path="$PPRDIR/../../../ip_repo/myip_seqsqrt_1.0/src/sqrt2.vhd">
      <FileInfo>
        <Attr Name="Library" Val="xil_defaultlib"/>
        <Attr Name="UsedIn" Val="synthesis"/>
        <Attr Name="UsedIn" Val="simulation"/>
      </FileInfo>
    </File>
    <File Path="$PPRDIR/../../../ip_repo/myip_seqsqrt_1.0/hdl/myip_seqsqrt_v1_0.vhd">
      <FileInfo>
        <Attr Name="Library" Val="xil_defaultlib"/>
        <Attr Name="UsedIn" Val="synthesis"/>
        <Attr Name="UsedIn" Val="simulation"/>
      </FileInfo>
    </File>
    <File Path="$PPRDIR/../../../ip_repo/myip_seqsqrt_1.0/src/clock_pulse.vhd">
      <FileInfo>
        <Attr Name="Library" Val="xil_defaultlib"/>
        <Attr Name="AutoDisabled" Val="1"/>
        <Attr Name="UsedIn" Val="synthesis"/>
        <Attr Name="UsedIn" Val="simulation"/>
      </FileInfo>
    </File>
    <File Path="$PPRDIR/../../../ip_repo/myip_seqsqrt_1.0/component.xml">
      <FileInfo SFType="IPXACT"/>
    </File>
    <Config>
      <Option Name="DesignMode" Val="RTL"/>
      <Option Name="TopModule" Val="myip_seqsqrt_v1_0"/>
      <Option Name="TopRTLFile" Val="$PPRDIR/../../../ip_repo/myip_seqsqrt_1.0/hdl/myip_seqsqrt_v1_0.vhd"/>
    </Config>
  </FileSet>
  <FileSet Name="constrs_in" Type="Constrs" RelSrcDir="$PSRCDIR/constrs_1">
    <Filter Type="Constrs"/>
    <Config>
      <Option Name="ConstrsType" Val="XDC"/>
    </Config>
  </FileSet>
  <FileSet Name="utils" Type="Utils" RelSrcDir="$PSRCDIR/utils_1">
    <Filter Type="Utils"/>
    <File Path="$PSRCDIR/utils_1/imports/synth_1/myip_seqsqrt_v1_0.dcp">
      <FileInfo>
        <Attr Name="UsedIn" Val="synthesis"/>
        <Attr Name="UsedIn" Val="implementation"/>
        <Attr Name="UsedInSteps" Val="synth_1"/>
        <Attr Name="AutoDcp" Val="1"/>
      </FileInfo>
    </File>
    <Config>
      <Option Name="TopAutoSet" Val="TRUE"/>
    </Config>
  </FileSet>
  <Strategy Version="1" Minor="2">
    <StratHandle Name="Vivado Synthesis Defaults" Flow="Vivado Synthesis 2022">
      <Desc>Vivado Synthesis Defaults</Desc>
    </StratHandle>
    <Step Id="synth_design"/>
  </Strategy>
</GenRun>
